username,password
Junior Data Analyst,Lockerdome
Project Coordinator Support,Maritz
Junior Web Developer,Cozy
Junior Developer 3,LiveAnswer
Full Stack Engineer,Splitwise
Customer Experience,Splitwise
IT Support Specialist,Viamontech
C#/.net Developer ,Hunter Engineering
Junior Developer,"TruckMovers.com, Inc."
Software Engineer,Computer Associates Inc
Technical Help Desk,DataServ
QA Analyst,Float Left Interactive
Android Developer,Float Left Interactive
Help Desk Support Service Specialist,SuprTek Technology
Jr. Level Applications Tester,SuprTek Technology
Associate Managed Systems Engineer,SuprTek Technology
Quality Assurance Analyst,SuprTek Technology
Test Engineer,SuprTek Technology
Full Stack Developer,Buzzbold
DevOps Engineer,Datarista
Software Engineer - Back End,Datarista
Business Intelligence Analyst,Anheuser Busch
Digital Marketing Analyst,How to Manage a Small Law Firm
Front End Web Devevloper,Useagility
Operations Assistant,Technia Transact
Project Manager,Technia Transact
Client Services Engineer,EyeVerify
Software Developer,Gragg Advertising
Technical Sales Rep,Technia Transact
Front End Dev,Watchtower Security
IOS Engineer,Utrip
Junior Software Engineer,Ad Astra Information Systems
Software Developer,Smajda Development
SEM Specialist,Optimum7
Mobile Devevloper,LaborChart
Front End,Maritz
.net developer ,Hunter Engineering
Junior Java Developer,Technia Transact
Customer Experience Specialist,DivvyHQ
PHP Developer/Data Scientist,EveryMundo
TechStars Intnership Program,Ultimate Software
Web Applications Engineer,Alright Analytics 
Web Developer,Atomic Dust
Mobile Developer,Haku App
Front End Developer,Haku App
Jr. Web Dev.,Motivation Technologies
C#/Game Dev,Bass Underwriters
Android Developer,Kairos
Site Reliability Engineer ,Kairos
Software Developer C#/.NET,DirecLogix
Cloud Engineer,DirecLogix
Front End Dev,How to Manage a Small Law Firm
Pthyon/APIs Dev ,How to Manage a Small Law Firm
Full Stack Engineer,BrandVerity
Cross-Platform Mobile Developer,Eyeride
Front-End Developer,Eyeride
Front-End Developer,Active Giver
Junior Developer ,ESolutions
Senior Growth Analyst,Skyscanner
Java Dev,Equifax
Front End Developer,Swappa
Sr. IT Analyst (Data/BI),Bull Moose Industries
PHP Dev.,Sherpa
QA Analyst,Sherpa
Web-Based .NET/C#,Center Prism
Front End Developer,Lifted Logic
Application Support Analyst,Maritz
Android Developer,EyeVerify
Desktop Support ,City of Portland
Customer Support ,SafetyCulture
Wordpress Dev.,Bootstrap & Co.
Tech Support,MOD Pizza
Social Media Manager,Excy
Web Dev.,Greater Goods
Front End Developer,LaborChart
Data Scientist,Visa South Florida
PHP Developer,EveryMundo
QA Analyst,Bandcamp
Ruby specialist,LaunchCode
Front End,TouchSuite
Tech Support,Viamontech
Project Manager,RI Interactive
Front-End/UX Developer,Palm Beach Software Design
mobile dev,Upserve
Front End Developer,Trim Agency
Project Manager,Trim Agency
Software Engineer,Spring Venture Group
System Administrator,Saepio
front end web dev,LaborChart
Front end web dev,DST
Software Engineer,Toast
Software Engineer,BetaXAnalytics
Data Science,BetaXAnalytics
Software Devevloper,DST
Data Engineer,Preventure
Internet of Things Developer,IOTAS
Software Developer (Data Team),Redfin
Data Science,Utilidata
